,Amount,Count,Cycle,Destination,Name,Party,RealCode
0,1750.0,4,1992,Cand,Alan L Keyes (R),R,A
259,34900.0,72,1992,Cand,Patrick J Buchanan (R),R,T
258,58275.0,138,1992,Cand,Lyndon H LaRouche Jr (D),D,T
257,1650.0,7,1992,Cand,Lenora B Fulani (D),D,T
256,4550.0,13,1992,Cand,Lawrence Douglas Wilder (D),D,T
255,225.0,1,1992,Cand,Larry Agran (D),D,T
254,10800.0,27,1992,Cand,John S Hagelin (3),3,T
253,500.0,1,1992,Cand,Jesse Jackson (D),D,T
252,1000.0,1,1992,Cand,James Patrick Lennane (R),R,T
251,481.0,2,1992,Cand,James (Bo) Gritz (I),I,T
250,5500.0,6,1992,Cand,Jack Kemp (R),R,T
249,1700.0,6,1992,Cand,Howard Phillips (3),3,T
248,722982.0,851,1992,Cand,George Bush (R),R,T
247,550.0,2,1992,Cand,David Duke (R),R,T
246,42750.0,46,1992,Cand,Bob Dole (R),R,T
245,218928.0,423,1992,Cand,Bill Clinton (D),D,T
244,2200.0,6,1992,Cand,Andre V Marrou (L),L,T
243,4110.0,8,1992,Cand,Alan L Keyes (R),R,T
242,38402.0,59,1992,Cand,Ross Perot (I),I,M
241,3000.0,4,1992,Cand,Richard D Lamm (3),3,M
260,29620.0,66,1992,Cand,Paul Tsongas (D),D,T
261,2750.0,5,1992,Cand,Richard D Lamm (3),3,T
262,18646.0,33,1992,Cand,Ross Perot (I),I,T
263,850.0,2,1992,Cand,Al Gore (D),D,X
284,1307905.0,2974,1992,Cand,Lyndon H LaRouche Jr (D),D,X
283,16825.0,53,1992,Cand,Lenora B Fulani (D),D,X
282,23125.0,71,1992,Cand,Lawrence Douglas Wilder (D),D,X
281,36700.0,113,1992,Cand,Larry Agran (D),D,X
280,44839.0,128,1992,Cand,John S Hagelin (3),3,X
279,1250.0,3,1992,Cand,John Quinn Brisben (3),3,X
278,3000.0,3,1992,Cand,Jim Boren (D),D,X
277,14550.0,25,1992,Cand,Jesse Jackson (D),D,X
276,1000.0,1,1992,Cand,James Patrick Lennane (R),R,X
240,63500.0,117,1992,Cand,Paul Tsongas (D),D,M
274,14830.0,14,1992,Cand,Jack Kemp (R),R,X
272,1992899.0,2978,1992,Cand,George Bush (R),R,X
271,3323.0,6,1992,Cand,Eugene J McCarthy (D),D,X
270,1000.0,1,1992,Cand,Erik M Thompson (U),U,X
269,250.0,1,1992,Cand,Endicott Peabody (D),D,X
268,5850.0,16,1992,Cand,David Duke (R),R,X
267,37300.0,60,1992,Cand,Bob Dole (R),R,X
266,2035650.0,5515,1992,Cand,Bill Clinton (D),D,X
265,14673.0,38,1992,Cand,Andre V Marrou (L),L,X
264,41760.0,105,1992,Cand,Alan L Keyes (R),R,X
273,28678.0,70,1992,Cand,Howard Phillips (3),3,X
239,44745.0,98,1992,Cand,Patrick J Buchanan (R),R,M
238,14335.0,38,1992,Cand,Lyndon H LaRouche Jr (D),D,M
237,10750.0,21,1992,Cand,Lawrence Douglas Wilder (D),D,M
212,500.0,1,1992,Cand,Richard B Boddie (L),L,K
211,337941.0,792,1992,Cand,Paul Tsongas (D),D,K
210,40100.0,94,1992,Cand,Patrick J Buchanan (R),R,K
209,7200.0,19,1992,Cand,Lyndon H LaRouche Jr (D),D,K
208,7450.0,21,1992,Cand,Lenora B Fulani (D),D,K
207,64025.0,161,1992,Cand,Lawrence Douglas Wilder (D),D,K
206,11100.0,32,1992,Cand,Larry Agran (D),D,K
205,5500.0,17,1992,Cand,John S Hagelin (3),3,K
204,1000.0,1,1992,Cand,John Quinn Brisben (3),3,K
213,74249.0,130,1992,Cand,Richard D Lamm (3),3,K
203,8375.0,12,1992,Cand,Jesse Jackson (D),D,K
201,12150.0,13,1992,Cand,Jack Kemp (R),R,K
200,6300.0,10,1992,Cand,Howard Phillips (3),3,K
199,2266322.0,2855,1992,Cand,George Bush (R),R,K
198,750.0,2,1992,Cand,Eugene J McCarthy (D),D,K
197,500.0,2,1992,Cand,Endicott Peabody (D),D,K
196,250.0,1,1992,Cand,Curly Thornton (D),D,K
195,129900.0,151,1992,Cand,Bob Dole (R),R,K
194,4021869.0,8179,1992,Cand,Bill Clinton (D),D,K
193,5500.0,15,1992,Cand,Andre V Marrou (L),L,K
202,1000.0,1,1992,Cand,James Patrick Lennane (R),R,K
285,350150.0,1066,1992,Cand,Patrick J Buchanan (R),R,X
214,21355.0,48,1992,Cand,Ross Perot (I),I,K
216,250.0,1,1992,Cand,William Parker Kreml (D),D,K
236,1750.0,2,1992,Cand,Larry Agran (D),D,M
235,4500.0,9,1992,Cand,John S Hagelin (3),3,M
234,7000.0,3,1992,Cand,Jesse Jackson (D),D,M
233,500.0,2,1992,Cand,James (Bo) Gritz (I),I,M
232,12285.0,14,1992,Cand,Jack Kemp (R),R,M
231,4350.0,9,1992,Cand,Howard Phillips (3),3,M
230,1047160.0,1186,1992,Cand,George Bush (R),R,M
229,300.0,1,1992,Cand,David Duke (R),R,M
228,31650.0,36,1992,Cand,Bob Dole (R),R,M
215,1000.0,1,1992,Cand,Thomas Robert Laughlin (D),D,K
227,265600.0,479,1992,Cand,Bill Clinton (D),D,M
225,3550.0,9,1992,Cand,Andre V Marrou (L),L,M
224,7660.0,12,1992,Cand,Alan L Keyes (R),R,M
223,370.0,1,1992,Cand,Ross Perot (I),I,L
222,250.0,1,1992,Cand,Paul Tsongas (D),D,L
221,750.0,2,1992,Cand,Lyndon H LaRouche Jr (D),D,L
220,3050.0,6,1992,Cand,Jesse Jackson (D),D,L
219,4200.0,5,1992,Cand,George Bush (R),R,L
218,34475.0,86,1992,Cand,Bill Clinton (D),D,L
217,250.0,1,1992,Cand,Alan L Keyes (R),R,L
226,250.0,1,1992,Cand,Bill Bradley (D),D,M
286,168741.0,408,1992,Cand,Paul Tsongas (D),D,X
287,1650.0,4,1992,Cand,Richard B Boddie (L),L,X
288,53694.0,100,1992,Cand,Richard D Lamm (3),3,X
356,200.0,1,1992,Cand,Tennie Beatrice Rogers (R),R,Z
355,11976.0,2,1992,Cand,Stephen Burke (D),D,Z
354,535.0,2,1992,Cand,Stanley Onease (Jr) Lock (D),D,Z
353,6763.0,17,1992,Cand,Russell Hirshon (D),D,Z
352,59619276.0,4144,1992,Cand,Ross Perot (I),I,Z
351,7255.0,2,1992,Cand,Robert Adgate Congdon (U),U,Z
350,5008.0,1,1992,Cand,Robert A Selwa (U),U,Z
349,6695.0,4,1992,Cand,Richard D Lamm (3),3,Z
348,-4900.0,5,1992,Cand,Pete Wilson (R),R,Z
357,210000.0,1,1992,Cand,Thomas Robert Laughlin (D),D,Z
347,-1030.0,8,1992,Cand,Paul Tsongas (D),D,Z
345,-17610.0,34,1992,Cand,Michael S Dukakis (D),D,Z
344,-1525.0,49,1992,Cand,Marion Gordon (Pat) Robertson (R),R,Z
343,-557.0,17,1992,Cand,Lenora B Fulani (D),D,Z
342,-2483.0,38,1992,Cand,Larry Agran (D),D,Z
341,425.0,2,1992,Cand,Kenneth E Klammer (D),D,Z
340,23882.0,46,1992,Cand,John S Hagelin (3),3,Z
339,10000.0,4,1992,Cand,John Hancock Abbott (D),D,Z
338,6000.0,1,1992,Cand,Jim Hayes (D),D,Z
337,300.0,1,1992,Cand,Jesse Jackson (D),D,Z
346,-29379.0,112,1992,Cand,Patrick J Buchanan (R),R,Z
336,50000.0,2,1992,Cand,James Patrick Lennane (R),R,Z
358,4650.0,6,1992,Cand,Thomas S Fabish (R),R,Z
360,500.0,1,1992,Cand,Bill Clinton (D),D,k
0,0.0,0,1992,Cand,,U,A
5,0.0,0,1992,Cand,,U,C
9,0.0,0,1992,Cand,,U,B
13,0.0,0,1992,Cand,,U,E
17,0.0,0,1992,Cand,,U,D
22,0.0,0,1992,Cand,,U,G
29,0.0,0,1992,Cand,,U,H
33,0.0,0,1992,Cand,,U,K
37,0.0,0,1992,Cand,,U,J
359,36086.0,16,1992,Cand,Willie Felix Carter (D),D,Z
41,0.0,0,1992,Cand,,U,M
46,0.0,0,1992,Cand,,3,L
47,0.0,0,1992,Cand,,U,L
54,0.0,0,1992,Cand,,U,T
58,0.0,0,1992,Cand,,U,Y
66,0.0,0,1992,Cand,,I,k
67,0.0,0,1992,Cand,,L,k
68,0.0,0,1992,Cand,,3,k
69,0.0,0,1992,Cand,,R,k
70,0.0,0,1992,Cand,,U,k
45,0.0,0,1992,Cand,,L,L
192,500.0,1,1992,Cand,Alexander Haig (R),R,K
335,21053.0,374,1992,Cand,Howard Phillips (3),3,Z
333,-974873.0,1242,1992,Cand,George Bush (R),R,Z
308,29560.0,88,1992,Cand,Larry Agran (D),D,Y
307,74347.0,230,1992,Cand,John S Hagelin (3),3,Y
306,1000.0,1,1992,Cand,John Quinn Brisben (3),3,Y
305,4450.0,8,1992,Cand,Jesse Jackson (D),D,Y
304,1000.0,1,1992,Cand,James Patrick Lennane (R),R,Y
303,9190.0,32,1992,Cand,James (Bo) Gritz (I),I,Y
302,-128266.0,287,1992,Cand,Jack Kemp (R),R,Y
301,19463.0,49,1992,Cand,Howard Phillips (3),3,Y
300,1829971.0,2399,1992,Cand,George Bush (R),R,Y
309,41600.0,120,1992,Cand,Lawrence Douglas Wilder (D),D,Y
299,354.0,1,1992,Cand,Gene Smith (D),D,Y
297,1425.0,6,1992,Cand,David Duke (R),R,Y
296,5031.0,8,1992,Cand,Curly Thornton (D),D,Y
295,4318.0,174,1992,Cand,Bob Dole (R),R,Y
294,1932907.0,5872,1992,Cand,Bill Clinton (D),D,Y
293,215.0,2,1992,Cand,Bill Bradley (D),D,Y
292,23899.0,76,1992,Cand,Andre V Marrou (L),L,Y
291,14530.0,36,1992,Cand,Alan L Keyes (R),R,Y
290,1200.0,3,1992,Cand,Al Gore (D),D,Y
289,120302.0,255,1992,Cand,Ross Perot (I),I,X
298,1000.0,1,1992,Cand,Eugene J McCarthy (D),D,Y
334,6000.0,3,1992,Cand,George William Benns (D),D,Z
310,34075.0,116,1992,Cand,Lenora B Fulani (D),D,Y
312,211100.0,556,1992,Cand,Patrick J Buchanan (R),R,Y
332,8959.0,12,1992,Cand,George A Zimmermann (R),R,Z
331,161.0,2,1992,Cand,Frank Ross Mrs Stewart (D),D,Z
330,65486.0,18,1992,Cand,Eugene J McCarthy (D),D,Z
329,10000.0,1,1992,Cand,Endicott Peabody (D),D,Z
328,2000.0,2,1992,Cand,Earl A Roberts Jr (U),U,Z
327,585.0,1,1992,Cand,Curly Thornton (D),D,Z
326,10486.0,68,1992,Cand,Cullen Meyer (U),U,Z
325,1345579.0,40,1992,Cand,Charles Woods (D),D,Z
324,275.0,1,1992,Cand,Charles Richard Doty (R),R,Z
311,156560.0,479,1992,Cand,Lyndon H LaRouche Jr (D),D,Y
323,28874.0,38,1992,Cand,Bob Dole (R),R,Z
321,170.0,2,1992,Cand,Andre V Marrou (L),L,Z
320,17000.0,18,1992,Cand,Alan L Keyes (R),R,Z
319,-246654.0,248,1992,Cand,Alan Cranston (D),D,Z
318,900.0,2,1992,Cand,Al Gore (D),D,Z
317,1000.0,3,1992,Cand,Stanley Onease (Jr) Lock (D),D,Y
316,169367.0,305,1992,Cand,Ross Perot (I),I,Y
315,46600.0,96,1992,Cand,Richard D Lamm (3),3,Y
314,2950.0,5,1992,Cand,Richard B Boddie (L),L,Y
313,251275.0,553,1992,Cand,Paul Tsongas (D),D,Y
322,925.0,3,1992,Cand,Bill Clinton (D),D,Z
191,13275.0,24,1992,Cand,Alan L Keyes (R),R,K
275,12771.0,34,1992,Cand,James (Bo) Gritz (I),I,X
189,8900.0,13,1992,Cand,Richard D Lamm (3),3,J
68,12200.0,24,1992,Cand,Lyndon H LaRouche Jr (D),D,D
67,500.0,2,1992,Cand,Lenora B Fulani (D),D,D
66,250.0,1,1992,Cand,Lawrence Douglas Wilder (D),D,D
65,1000.0,4,1992,Cand,John S Hagelin (3),3,D
64,1000.0,2,1992,Cand,Jesse Jackson (D),D,D
63,103554.0,148,1992,Cand,George Bush (R),R,D
62,3000.0,3,1992,Cand,Bob Dole (R),R,D
61,40800.0,77,1992,Cand,Bill Clinton (D),D,D
60,1250.0,2,1992,Cand,Andre V Marrou (L),L,D
69,5750.0,10,1992,Cand,Patrick J Buchanan (R),R,D
59,2800.0,3,1992,Cand,Russell Hirshon (D),D,C
57,19750.0,30,1992,Cand,Richard D Lamm (3),3,C
56,4550.0,11,1992,Cand,Richard B Boddie (L),L,C
55,129150.0,241,1992,Cand,Paul Tsongas (D),D,C
53,41895.0,111,1992,Cand,Lyndon H LaRouche Jr (D),D,C
52,10739.0,40,1992,Cand,Lenora B Fulani (D),D,C
51,7250.0,17,1992,Cand,Lawrence Douglas Wilder (D),D,C
50,10600.0,30,1992,Cand,Larry Agran (D),D,C
49,22558.0,59,1992,Cand,John S Hagelin (3),3,C
48,1240.0,2,1992,Cand,James (Bo) Gritz (I),I,C
58,39269.0,56,1992,Cand,Ross Perot (I),I,C
47,5000.0,5,1992,Cand,Jack Kemp (R),R,C
70,11400.0,28,1992,Cand,Paul Tsongas (D),D,D
72,400.0,1,1992,Cand,Ross Perot (I),I,D
92,14400.0,19,1992,Cand,Richard D Lamm (3),3,E
91,250.0,1,1992,Cand,Richard B Boddie (L),L,E
90,60300.0,94,1992,Cand,Paul Tsongas (D),D,E
89,33000.0,75,1992,Cand,Patrick J Buchanan (R),R,E
88,14250.0,34,1992,Cand,Lyndon H LaRouche Jr (D),D,E
87,500.0,2,1992,Cand,Lenora B Fulani (D),D,E
86,10250.0,20,1992,Cand,Lawrence Douglas Wilder (D),D,E
85,1250.0,2,1992,Cand,Larry Agran (D),D,E
84,13900.0,24,1992,Cand,John S Hagelin (3),3,E
71,1000.0,1,1992,Cand,Richard D Lamm (3),3,D
83,1337.0,4,1992,Cand,James (Bo) Gritz (I),I,E
81,4100.0,11,1992,Cand,Howard Phillips (3),3,E
80,1150627.0,1304,1992,Cand,George Bush (R),R,E
79,500.0,1,1992,Cand,Eugene J McCarthy (D),D,E
78,890.0,2,1992,Cand,Curly Thornton (D),D,E
77,86937.0,101,1992,Cand,Bob Dole (R),R,E
76,273575.0,522,1992,Cand,Bill Clinton (D),D,E
75,1059.0,4,1992,Cand,Andre V Marrou (L),L,E
74,3700.0,7,1992,Cand,Alan L Keyes (R),R,E
73,500.0,1,1992,Cand,Al Gore (D),D,E
82,2000.0,3,1992,Cand,Jack Kemp (R),R,E
93,11544.0,27,1992,Cand,Ross Perot (I),I,E
46,3100.0,5,1992,Cand,Howard Phillips (3),3,C
44,37000.0,42,1992,Cand,Bob Dole (R),R,C
19,1000.0,1,1992,Cand,Al Gore (D),D,B
18,9838.0,19,1992,Cand,Ross Perot (I),I,A
17,1450.0,3,1992,Cand,Richard D Lamm (3),3,A
16,22600.0,35,1992,Cand,Paul Tsongas (D),D,A
190,23684.0,28,1992,Cand,Ross Perot (I),I,J
15,31038.0,74,1992,Cand,Patrick J Buchanan (R),R,A
14,111927.0,294,1992,Cand,Lyndon H LaRouche Jr (D),D,A
13,700.0,3,1992,Cand,Lenora B Fulani (D),D,A
12,1500.0,6,1992,Cand,Lawrence Douglas Wilder (D),D,A
20,1115.0,5,1992,Cand,Alan L Keyes (R),R,B
11,450.0,2,1992,Cand,Larry Agran (D),D,A
9,1950.0,4,1992,Cand,James (Bo) Gritz (I),I,A
8,1750.0,3,1992,Cand,Howard Phillips (3),3,A
7,776940.0,963,1992,Cand,George Bush (R),R,A
6,200.0,1,1992,Cand,Gene Smith (D),D,A
5,2000.0,2,1992,Cand,Endicott Peabody (D),D,A
4,700.0,3,1992,Cand,David Duke (R),R,A
3,43550.0,60,1992,Cand,Bob Dole (R),R,A
2,289939.0,588,1992,Cand,Bill Clinton (D),D,A
1,1750.0,3,1992,Cand,Andre V Marrou (L),L,A
10,3400.0,9,1992,Cand,John S Hagelin (3),3,A
45,779180.0,907,1992,Cand,George Bush (R),R,C
21,2800.0,8,1992,Cand,Andre V Marrou (L),L,B
23,21750.0,27,1992,Cand,Bob Dole (R),R,B
43,975455.0,1831,1992,Cand,Bill Clinton (D),D,C
42,10800.0,24,1992,Cand,Andre V Marrou (L),L,C
41,9750.0,14,1992,Cand,Alan L Keyes (R),R,C
40,1500.0,2,1992,Cand,Al Gore (D),D,C
39,14451.0,32,1992,Cand,Ross Perot (I),I,B
38,4350.0,10,1992,Cand,Richard D Lamm (3),3,B
37,92200.0,186,1992,Cand,Paul Tsongas (D),D,B
36,50615.0,124,1992,Cand,Patrick J Buchanan (R),R,B
35,48840.0,145,1992,Cand,Lyndon H LaRouche Jr (D),D,B
22,405557.0,805,1992,Cand,Bill Clinton (D),D,B
34,1250.0,5,1992,Cand,Lenora B Fulani (D),D,B
32,950.0,4,1992,Cand,Larry Agran (D),D,B
31,8142.0,24,1992,Cand,John S Hagelin (3),3,B
30,1500.0,2,1992,Cand,Jesse Jackson (D),D,B
29,1477.0,5,1992,Cand,James (Bo) Gritz (I),I,B
28,5000.0,5,1992,Cand,Jack Kemp (R),R,B
27,2760.0,6,1992,Cand,Howard Phillips (3),3,B
26,956880.0,1121,1992,Cand,George Bush (R),R,B
25,1000.0,1,1992,Cand,Endicott Peabody (D),D,B
24,537.0,2,1992,Cand,David Duke (R),R,B
33,6750.0,18,1992,Cand,Lawrence Douglas Wilder (D),D,B
94,1000.0,1,1992,Cand,William Parker Kreml (D),D,E
54,31570.0,84,1992,Cand,Patrick J Buchanan (R),R,C
96,23450.0,35,1992,Cand,Alan L Keyes (R),R,F
164,23607.0,86,1992,Cand,Lenora B Fulani (D),D,H
163,47300.0,120,1992,Cand,Lawrence Douglas Wilder (D),D,H
162,21400.0,78,1992,Cand,Larry Agran (D),D,H
160,6750.0,12,1992,Cand,Jesse Jackson (D),D,H
159,10533.0,20,1992,Cand,James (Bo) Gritz (I),I,H
158,3995.0,5,1992,Cand,Jack Kemp (R),R,H
157,49270.0,29,1992,Cand,Howard Phillips (3),3,H
156,1491513.0,1767,1992,Cand,George Bush (R),R,H
155,3475.0,9,1992,Cand,David Duke (R),R,H
165,59874.0,156,1992,Cand,Lyndon H LaRouche Jr (D),D,H
154,361.0,1,1992,Cand,Curly Thornton (D),D,H
152,1626725.0,3931,1992,Cand,Bill Clinton (D),D,H
151,9765.0,27,1992,Cand,Andre V Marrou (L),L,H
150,8315.0,19,1992,Cand,Alan L Keyes (R),R,H
149,1500.0,2,1992,Cand,Al Gore (D),D,H
148,147891.0,244,1992,Cand,Ross Perot (I),I,G
147,18465.0,32,1992,Cand,Richard D Lamm (3),3,G
146,1500.0,2,1992,Cand,Richard B Boddie (L),L,G
145,176735.0,400,1992,Cand,Paul Tsongas (D),D,G
144,160290.0,427,1992,Cand,Patrick J Buchanan (R),R,G
153,25350.0,31,1992,Cand,Bob Dole (R),R,H
166,110000.0,286,1992,Cand,Patrick J Buchanan (R),R,H
167,214169.0,476,1992,Cand,Paul Tsongas (D),D,H
168,1150.0,4,1992,Cand,Richard B Boddie (L),L,H
188,31945.0,58,1992,Cand,Paul Tsongas (D),D,J
187,48075.0,104,1992,Cand,Patrick J Buchanan (R),R,J
186,5450.0,7,1992,Cand,Lyndon H LaRouche Jr (D),D,J
185,7013.0,28,1992,Cand,Lenora B Fulani (D),D,J
184,3000.0,3,1992,Cand,Lawrence Douglas Wilder (D),D,J
183,1450.0,5,1992,Cand,Larry Agran (D),D,J
182,2700.0,5,1992,Cand,John S Hagelin (3),3,J
181,2000.0,4,1992,Cand,Jesse Jackson (D),D,J
180,2005.0,3,1992,Cand,Jack Kemp (R),R,J
179,500.0,1,1992,Cand,Howard Phillips (3),3,J
178,180502.0,257,1992,Cand,George Bush (R),R,J
177,675.0,1,1992,Cand,Eugene J McCarthy (D),D,J
176,11000.0,13,1992,Cand,Bob Dole (R),R,J
95,2062.0,4,1992,Cand,Al Gore (D),D,F
175,212621.0,435,1992,Cand,Bill Clinton (D),D,J
174,1700.0,3,1992,Cand,Andre V Marrou (L),L,J
173,1000.0,1,1992,Cand,Alexander Haig (R),R,J
172,26610.0,38,1992,Cand,Alan L Keyes (R),R,J
171,250.0,1,1992,Cand,Thomas Robert Laughlin (D),D,H
170,41769.0,82,1992,Cand,Ross Perot (I),I,H
169,34537.0,52,1992,Cand,Richard D Lamm (3),3,H
143,76763.0,177,1992,Cand,Lyndon H LaRouche Jr (D),D,G
142,8540.0,29,1992,Cand,Lenora B Fulani (D),D,G
161,61912.0,163,1992,Cand,John S Hagelin (3),3,H
140,10300.0,32,1992,Cand,Larry Agran (D),D,G
116,5300.0,18,1992,Cand,Lenora B Fulani (D),D,F
115,60450.0,113,1992,Cand,Lawrence Douglas Wilder (D),D,F
114,16700.0,39,1992,Cand,Larry Agran (D),D,F
113,33650.0,75,1992,Cand,John S Hagelin (3),3,F
112,855.0,1,1992,Cand,Jim Boren (D),D,F
111,2000.0,2,1992,Cand,Jesse Jackson (D),D,F
110,2000.0,2,1992,Cand,James Patrick Lennane (R),R,F
109,2600.0,5,1992,Cand,James (Bo) Gritz (I),I,F
141,37250.0,90,1992,Cand,Lawrence Douglas Wilder (D),D,G
117,43025.0,99,1992,Cand,Lyndon H LaRouche Jr (D),D,F
107,7505.0,12,1992,Cand,Howard Phillips (3),3,F
105,4575030.0,5446,1992,Cand,George Bush (R),R,F
104,1000.0,2,1992,Cand,Eugene J McCarthy (D),D,F
103,750.0,2,1992,Cand,Endicott Peabody (D),D,F
102,250.0,1,1992,Cand,David Duke (R),R,F
101,219400.0,259,1992,Cand,Bob Dole (R),R,F
100,2391302.0,4284,1992,Cand,Bill Clinton (D),D,F
99,1000.0,2,1992,Cand,Bill Bradley (D),D,F
98,8850.0,23,1992,Cand,Andre V Marrou (L),L,F
97,1000.0,1,1992,Cand,Alexander Haig (R),R,F
106,1000.0,1,1992,Cand,George L Berish (U),U,F
118,106534.0,243,1992,Cand,Patrick J Buchanan (R),R,F
108,57750.0,63,1992,Cand,Jack Kemp (R),R,F
120,55550.0,97,1992,Cand,Richard D Lamm (3),3,F
136,11500.0,13,1992,Cand,Jack Kemp (R),R,G
135,17742.0,28,1992,Cand,Howard Phillips (3),3,G
139,30949.0,69,1992,Cand,John S Hagelin (3),3,G
119,317325.0,554,1992,Cand,Paul Tsongas (D),D,F
134,2062724.0,2510,1992,Cand,George Bush (R),R,G
133,500.0,1,1992,Cand,Gene Smith (D),D,G
132,3000.0,5,1992,Cand,Eugene J McCarthy (D),D,G
131,1600.0,3,1992,Cand,Endicott Peabody (D),D,G
138,6900.0,11,1992,Cand,Jesse Jackson (D),D,G
129,66867.0,79,1992,Cand,Bob Dole (R),R,G
128,1135390.0,2290,1992,Cand,Bill Clinton (D),D,G
127,500.0,1,1992,Cand,Bill Bradley (D),D,G
130,1450.0,5,1992,Cand,David Duke (R),R,G
126,12150.0,33,1992,Cand,Andre V Marrou (L),L,G
121,171819.0,229,1992,Cand,Ross Perot (I),I,F
123,1500.0,2,1992,Cand,Al Gore (D),D,G
124,12750.0,19,1992,Cand,Alan L Keyes (R),R,G
122,605.0,2,1992,Cand,William Parker Kreml (D),D,F
125,1000.0,1,1992,Cand,Alexander Haig (R),R,G
137,3459.0,7,1992,Cand,James (Bo) Gritz (I),I,G
607,957.0,1,1996,Cand,Susan Gail Ducey (R),R,T
598,416300.0,660,1996,Cand,Lamar Alexander (R),R,T
615,4400.0,2,1996,Cand,Fred Thomas Shellenberg (R),R,X
599,3500.0,4,1996,Cand,Lawrence Douglas Wilder (D),D,T
614,1000.0,1,1996,Cand,Diane Beall Templin (3),3,X
600,42400.0,133,1996,Cand,Lyndon H LaRouche Jr (D),D,T
613,48880.0,126,1996,Cand,David Duke (R),R,X
601,51706.0,142,1996,Cand,Patrick J Buchanan (R),R,T
612,2000.0,2,1996,Cand,Charles Edwin Collins (R),R,X
603,1000.0,1,1996,Cand,Robert P Casey (U),D,T
611,2502308.0,5262,1996,Cand,Bob Dole (R),R,X
604,10500.0,24,1996,Cand,Ron Paul (L),L,T
610,2695699.0,5260,1996,Cand,Bill Clinton (D),D,X
605,4801.0,10,1996,Cand,Ross Perot (I),I,T
609,95251.0,247,1996,Cand,Alan L Keyes (R),R,X
608,500.0,1,1996,Cand,William N Raven (I),I,T
602,159750.0,223,1996,Cand,Pete Wilson (R),R,T
606,57950.0,81,1996,Cand,Steve Forbes (R),R,T
621,13948.0,26,1996,Cand,Jim Boren (D),D,X
617,5272.0,10,1996,Cand,Howard Phillips (3),3,X
634,159220.0,395,1996,Cand,Ron Paul (L),L,X
633,5250.0,8,1996,Cand,Robert P Casey (U),D,X
632,700.0,3,1996,Cand,Richard Tompkins (L),L,X
631,23310.0,43,1996,Cand,Richard D Lamm (3),3,X
597,8850.0,27,1996,Cand,John S Hagelin (3),3,T
630,466505.0,890,1996,Cand,Pete Wilson (R),R,X
629,465085.0,1321,1996,Cand,Patrick J Buchanan (R),R,X
628,1600.0,3,1996,Cand,Maurice M Taylor Jr (R),R,X
627,5200.0,10,1996,Cand,Mary Cal Hollis (3),3,X
626,1143385.0,2851,1996,Cand,Lyndon H LaRouche Jr (D),D,X
636,238710.0,420,1996,Cand,Steve Forbes (R),R,X
625,7500.0,16,1996,Cand,Lawrence Douglas Wilder (D),D,X
624,1047397.0,1904,1996,Cand,Lamar Alexander (R),R,X
623,47400.0,124,1996,Cand,John S Hagelin (3),3,X
622,2600.0,6,1996,Cand,Joanne M Jorgensen (L),L,X
635,54867.0,94,1996,Cand,Ross Perot (I),I,X
620,750.0,2,1996,Cand,Jesse Jackson (D),D,X
619,250.0,1,1996,Cand,James D Griffin (D),D,X
618,55000.0,97,1996,Cand,Jack Kemp (R),R,X
616,85936.0,208,1996,Cand,Harry Browne (L),L,X
596,500.0,1,1996,Cand,Jim Boren (D),D,T
562,3750.0,5,1996,Cand,Ross Perot (I),I,K
594,12212.0,26,1996,Cand,Harry Browne (L),L,T
571,1500.0,3,1996,Cand,Pete Wilson (R),R,L
570,200.0,1,1996,Cand,Patrick J Buchanan (R),R,L
569,2950.0,8,1996,Cand,Lyndon H LaRouche Jr (D),D,L
568,700.0,3,1996,Cand,John S Hagelin (3),3,L
567,1126.0,3,1996,Cand,Jim Boren (D),D,L
566,6250.0,6,1996,Cand,Bob Dole (R),R,L
565,82000.0,148,1996,Cand,Bill Clinton (D),D,L
564,93650.0,140,1996,Cand,Steve Forbes (R),R,K
563,600.0,1,1996,Cand,Salvatore J Casamassima (D),D,K
561,10950.0,22,1996,Cand,Ron Paul (L),L,K
560,5000.0,5,1996,Cand,Robert P Casey (U),D,K
559,500.0,1,1996,Cand,Richard Tompkins (L),L,K
558,6500.0,14,1996,Cand,Richard D Lamm (3),3,K
557,597856.0,948,1996,Cand,Pete Wilson (R),R,K
556,53075.0,127,1996,Cand,Patrick J Buchanan (R),R,K
637,201092.0,489,1996,Cand,Alan L Keyes (R),R,Y
555,1250.0,2,1996,Cand,Maurice M Taylor Jr (R),R,K
572,11670.0,24,1996,Cand,Alan L Keyes (R),R,M
573,430350.0,527,1996,Cand,Bill Clinton (D),D,M
574,877024.0,1221,1996,Cand,Bob Dole (R),R,M
575,250.0,1,1996,Cand,David Duke (R),R,M
593,2550.0,6,1996,Cand,David Duke (R),R,T
592,908545.0,1310,1996,Cand,Bob Dole (R),R,T
591,409400.0,488,1996,Cand,Bill Clinton (D),D,T
590,11350.0,27,1996,Cand,Alan L Keyes (R),R,T
589,100678.0,135,1996,Cand,Steve Forbes (R),R,M
588,4950.0,8,1996,Cand,Ross Perot (I),I,M
587,31350.0,62,1996,Cand,Ron Paul (L),L,M
586,900.0,3,1996,Cand,Richard D Lamm (3),3,M
595,18000.0,22,1996,Cand,Jack Kemp (R),R,T
585,106250.0,145,1996,Cand,Pete Wilson (R),R,M
583,9800.0,11,1996,Cand,Maurice M Taylor Jr (R),R,M
582,24925.0,76,1996,Cand,Lyndon H LaRouche Jr (D),D,M
581,512208.0,797,1996,Cand,Lamar Alexander (R),R,M
580,3000.0,7,1996,Cand,John S Hagelin (3),3,M
579,200.0,1,1996,Cand,Joanne M Jorgensen (L),L,M
578,15800.0,24,1996,Cand,Jack Kemp (R),R,M
577,500.0,1,1996,Cand,Howard Phillips (3),3,M
576,16937.0,37,1996,Cand,Harry Browne (L),L,M
584,152042.0,273,1996,Cand,Patrick J Buchanan (R),R,M
638,2132053.0,5400,1996,Cand,Bill Clinton (D),D,Y
61,0.0,0,1996,Cand,,U,Y
640,200.0,1,1996,Cand,Charles Edwin Collins (R),R,Y
3,0.0,0,1996,Cand,,I,A
700,48186.0,16,1996,Cand,Willie Felix Carter (D),D,Z
699,111.0,1,1996,Cand,Tennie Beatrice Rogers (R),R,Z
698,926.0,12,1996,Cand,Shear'ree (R),R,Z
697,9786587.0,194,1996,Cand,Ross Perot (I),I,Z
696,-10500.0,12,1996,Cand,Robert P Casey (U),D,Z
695,5000.0,1,1996,Cand,Robert Adgate Congdon (U),U,Z
694,1585.0,1,1996,Cand,Richard Tompkins (L),L,Z
693,5000.0,1,1996,Cand,Richard D Lamm (3),3,Z
692,4000.0,4,1996,Cand,Pete Wilson (R),R,Z
691,-212399.0,1514,1996,Cand,Patrick J Buchanan (R),R,Z
690,645.0,3,1996,Cand,Osie Thorpe (D),D,Z
689,3342.0,1,1996,Cand,Maurice M Taylor Jr (R),R,Z
688,6406.0,12,1996,Cand,Mary Frances Letulle (R),R,Z
687,150.0,1,1996,Cand,Mark Harold Kleinman (I),I,Z
686,3651.0,37,1996,Cand,Leroy Rogers (I),I,Z
685,6000.0,5,1996,Cand,Lenora B Fulani (D),D,Z
4,0.0,0,1996,Cand,,U,A
8,0.0,0,1996,Cand,,U,C
12,0.0,0,1996,Cand,,U,B
16,0.0,0,1996,Cand,,U,E
554,5850.0,15,1996,Cand,Lyndon H LaRouche Jr (D),D,K
79,0.0,0,1996,Cand,,3,k
78,0.0,0,1996,Cand,,L,k
77,0.0,0,1996,Cand,,I,k
76,0.0,0,1996,Cand,,D,k
64,0.0,0,1996,Cand,,U,X
57,0.0,0,1996,Cand,,U,T
53,0.0,0,1996,Cand,,U,L
684,-295433.0,461,1996,Cand,Lamar Alexander (R),R,Z
52,0.0,0,1996,Cand,,L,L
44,0.0,0,1996,Cand,,U,M
40,0.0,0,1996,Cand,,U,J
36,0.0,0,1996,Cand,,U,K
32,0.0,0,1996,Cand,,U,H
28,0.0,0,1996,Cand,,U,F
25,0.0,0,1996,Cand,,U,G
21,0.0,0,1996,Cand,,U,D
20,0.0,0,1996,Cand,,I,D
51,0.0,0,1996,Cand,,I,L
683,15750.0,4,1996,Cand,John S Hagelin (3),3,Z
682,2907.0,4,1996,Cand,Joanne M Jorgensen (L),L,Z
681,2000.0,1,1996,Cand,Jim Boren (D),D,Z
658,212744.0,576,1996,Cand,Patrick J Buchanan (R),R,Y
657,1300.0,2,1996,Cand,Myron R MD Schoenfeld (D),D,Y
656,6500.0,10,1996,Cand,Maurice M Taylor Jr (R),R,Y
655,1000.0,1,1996,Cand,Mary Cal Hollis (3),3,Y
654,203307.0,693,1996,Cand,Lyndon H LaRouche Jr (D),D,Y
653,6500.0,9,1996,Cand,Lawrence Douglas Wilder (D),D,Y
652,2389067.0,3929,1996,Cand,Lamar Alexander (R),R,Y
651,145435.0,494,1996,Cand,John S Hagelin (3),3,Y
659,46673.0,1753,1996,Cand,Pete Wilson (R),R,Y
650,1650.0,5,1996,Cand,Joanne M Jorgensen (L),L,Y
648,3250.0,8,1996,Cand,Jesse Jackson (D),D,Y
647,500.0,1,1996,Cand,Janka Cvoric (L),L,Y
646,950.0,3,1996,Cand,James D Griffin (D),D,Y
645,41550.0,64,1996,Cand,Jack Kemp (R),R,Y
644,6750.0,14,1996,Cand,Howard Phillips (3),3,Y
643,1500.0,4,1996,Cand,Heather Anne Harder Dr (D),D,Y
642,181536.0,389,1996,Cand,Harry Browne (L),L,Y
641,8626.0,20,1996,Cand,David Duke (R),R,Y
649,5965.0,14,1996,Cand,Jim Boren (D),D,Y
639,2259071.0,3910,1996,Cand,Bob Dole (R),R,Y
660,21050.0,34,1996,Cand,Richard D Lamm (3),3,Y
662,11500.0,13,1996,Cand,Robert P Casey (U),D,Y
680,500.0,1,1996,Cand,Janka Cvoric (L),L,Z
679,250.0,3,1996,Cand,Jack Kemp (R),R,Z
678,-3990.0,8,1996,Cand,Howard Phillips (3),3,Z
677,365.0,4,1996,Cand,Herbert W Titus (3),3,Z
676,250.0,2,1996,Cand,Heather Anne Harder Dr (D),D,Z
675,-858.0,15,1996,Cand,Harry Browne (L),L,Z
674,5274.0,5,1996,Cand,Fred Thomas Shellenberg (R),R,Z
673,19383.0,3,1996,Cand,David L Drye (3),3,Z
661,700.0,2,1996,Cand,Richard Tompkins (L),L,Y
672,475.0,12,1996,Cand,Cullen Meyer (U),U,Z
670,300.0,1,1996,Cand,Bruce Allen Gidner (U),U,Z
669,-804049.0,2083,1996,Cand,Bob Dole (R),R,Z
668,9200.0,14,1996,Cand,Bill Clinton (D),D,Z
667,-14197.0,18,1996,Cand,Alan L Keyes (R),R,Z
666,222277.0,650,1996,Cand,Steve Forbes (R),R,Y
665,450.0,2,1996,Cand,Salvatore J Casamassima (D),D,Y
664,31089.0,63,1996,Cand,Ross Perot (I),I,Y
663,85755.0,209,1996,Cand,Ron Paul (L),L,Y
671,6673.0,24,1996,Cand,Carmen C Chimento (D),D,Z
553,12000.0,17,1996,Cand,Lawrence Douglas Wilder (D),D,K
533,1500.0,2,1996,Cand,Lawrence Douglas Wilder (D),D,J
551,6200.0,23,1996,Cand,John S Hagelin (3),3,K
428,1700.0,4,1996,Cand,John S Hagelin (3),3,D
427,4000.0,4,1996,Cand,Jack Kemp (R),R,D
426,5920.0,18,1996,Cand,Harry Browne (L),L,D
425,1000.0,1,1996,Cand,David Duke (R),R,D
424,76626.0,120,1996,Cand,Bob Dole (R),R,D
423,56450.0,83,1996,Cand,Bill Clinton (D),D,D
422,4015.0,12,1996,Cand,Alan L Keyes (R),R,D
421,132014.0,191,1996,Cand,Steve Forbes (R),R,C
420,2300.0,6,1996,Cand,Ross Perot (I),I,C
429,35451.0,62,1996,Cand,Lamar Alexander (R),R,D
419,27389.0,50,1996,Cand,Ron Paul (L),L,C
417,4100.0,8,1996,Cand,Richard D Lamm (3),3,C
416,276950.0,452,1996,Cand,Pete Wilson (R),R,C
415,2000.0,2,1996,Cand,Paul Tsongas (D),D,C
414,52820.0,136,1996,Cand,Patrick J Buchanan (R),R,C
413,250.0,1,1996,Cand,Mary Cal Hollis (3),3,C
412,25600.0,70,1996,Cand,Lyndon H LaRouche Jr (D),D,C
411,1000.0,1,1996,Cand,Lawrence Douglas Wilder (D),D,C
410,396068.0,564,1996,Cand,Lamar Alexander (R),R,C
409,25900.0,73,1996,Cand,John S Hagelin (3),3,C
418,892.0,1,1996,Cand,Richard Tompkins (L),L,C
408,2950.0,4,1996,Cand,Joanne M Jorgensen (L),L,C
430,7650.0,23,1996,Cand,Lyndon H LaRouche Jr (D),D,D
432,22750.0,28,1996,Cand,Pete Wilson (R),R,D
452,2250.0,3,1996,Cand,Ross Perot (I),I,E
451,30300.0,67,1996,Cand,Ron Paul (L),L,E
450,3500.0,6,1996,Cand,Richard D Lamm (3),3,E
449,114450.0,181,1996,Cand,Pete Wilson (R),R,E
448,27380.0,71,1996,Cand,Patrick J Buchanan (R),R,E
447,500.0,2,1996,Cand,Maurice M Taylor Jr (R),R,E
446,13125.0,38,1996,Cand,Lyndon H LaRouche Jr (D),D,E
445,3500.0,4,1996,Cand,Lawrence Douglas Wilder (D),D,E
444,181000.0,317,1996,Cand,Lamar Alexander (R),R,E
431,8575.0,25,1996,Cand,Patrick J Buchanan (R),R,D
443,11750.0,21,1996,Cand,John S Hagelin (3),3,E
441,1000.0,1,1996,Cand,James D Griffin (D),D,E
440,17500.0,24,1996,Cand,Jack Kemp (R),R,E
439,8697.0,16,1996,Cand,Harry Browne (L),L,E
438,907115.0,1243,1996,Cand,Bob Dole (R),R,E
437,359390.0,434,1996,Cand,Bill Clinton (D),D,E
436,6325.0,13,1996,Cand,Alan L Keyes (R),R,E
435,2250.0,5,1996,Cand,Steve Forbes (R),R,D
434,7750.0,11,1996,Cand,Ron Paul (L),L,D
433,1000.0,1,1996,Cand,Richard D Lamm (3),3,D
442,8550.0,13,1996,Cand,Jim Boren (D),D,E
407,1550.0,5,1996,Cand,Jim Boren (D),D,C
406,85750.0,4,1996,Cand,Jesse Jackson (D),D,C
405,12750.0,15,1996,Cand,Jack Kemp (R),R,C
380,2025.0,7,1996,Cand,David Duke (R),R,B
379,928010.0,1322,1996,Cand,Bob Dole (R),R,B
378,643745.0,760,1996,Cand,Bill Clinton (D),D,B
377,22243.0,54,1996,Cand,Alan L Keyes (R),R,B
376,46400.0,73,1996,Cand,Steve Forbes (R),R,A
375,12250.0,36,1996,Cand,Ron Paul (L),L,A
374,1000.0,1,1996,Cand,Richard D Lamm (3),3,A
373,173800.0,323,1996,Cand,Pete Wilson (R),R,A
372,54691.0,146,1996,Cand,Patrick J Buchanan (R),R,A
381,13698.0,30,1996,Cand,Harry Browne (L),L,B
371,91669.0,247,1996,Cand,Lyndon H LaRouche Jr (D),D,A
369,5950.0,19,1996,Cand,John S Hagelin (3),3,A
368,3000.0,1,1996,Cand,Jesse Jackson (D),D,A
367,5650.0,13,1996,Cand,Jack Kemp (R),R,A
366,250.0,1,1996,Cand,Howard Phillips (3),3,A
365,13754.0,25,1996,Cand,Harry Browne (L),L,A
364,1800.0,4,1996,Cand,David Duke (R),R,A
363,605623.0,893,1996,Cand,Bob Dole (R),R,A
362,189085.0,259,1996,Cand,Bill Clinton (D),D,A
361,19330.0,39,1996,Cand,Alan L Keyes (R),R,A
370,148001.0,254,1996,Cand,Lamar Alexander (R),R,A
382,750.0,2,1996,Cand,Howard Phillips (3),3,B
383,10500.0,14,1996,Cand,Jack Kemp (R),R,B
384,950.0,1,1996,Cand,James D Griffin (D),D,B
404,250.0,1,1996,Cand,Howard Phillips (3),3,C
552,751580.0,1222,1996,Cand,Lamar Alexander (R),R,K
403,700.0,2,1996,Cand,Heather Anne Harder Dr (D),D,C
402,57839.0,123,1996,Cand,Harry Browne (L),L,C
401,250.0,1,1996,Cand,David Duke (R),R,C
400,815853.0,1129,1996,Cand,Bob Dole (R),R,C
399,1283310.0,1660,1996,Cand,Bill Clinton (D),D,C
398,23415.0,56,1996,Cand,Alan L Keyes (R),R,C
397,61800.0,89,1996,Cand,Steve Forbes (R),R,B
396,3800.0,7,1996,Cand,Ross Perot (I),I,B
395,23516.0,47,1996,Cand,Ron Paul (L),L,B
394,200.0,1,1996,Cand,Richard D Lamm (3),3,B
393,282925.0,414,1996,Cand,Pete Wilson (R),R,B
392,73100.0,154,1996,Cand,Patrick J Buchanan (R),R,B
391,1000.0,1,1996,Cand,Maurice M Taylor Jr (R),R,B
390,49050.0,131,1996,Cand,Lyndon H LaRouche Jr (D),D,B
389,1750.0,2,1996,Cand,Lawrence Douglas Wilder (D),D,B
388,524476.0,847,1996,Cand,Lamar Alexander (R),R,B
387,12200.0,31,1996,Cand,John S Hagelin (3),3,B
386,250.0,1,1996,Cand,Jim Boren (D),D,B
385,1000.0,1,1996,Cand,Jesse Jackson (D),D,B
453,38500.0,57,1996,Cand,Steve Forbes (R),R,E
454,45740.0,92,1996,Cand,Alan L Keyes (R),R,F
81,0.0,0,1996,Cand,,U,k
456,3947852.0,5480,1996,Cand,Bob Dole (R),R,F
80,0.0,0,1996,Cand,,R,k
534,1550.0,3,1996,Cand,Lyndon H LaRouche Jr (D),D,J
535,59340.0,135,1996,Cand,Patrick J Buchanan (R),R,J
536,1000.0,1,1996,Cand,Paul Tsongas (D),D,J
537,143125.0,204,1996,Cand,Pete Wilson (R),R,J
538,1000.0,1,1996,Cand,Richard D Lamm (3),3,J
539,400.0,1,1996,Cand,Richard Tompkins (L),L,J
540,31050.0,50,1996,Cand,Ron Paul (L),L,J
541,3000.0,6,1996,Cand,Ross Perot (I),I,J
532,87701.0,137,1996,Cand,Lamar Alexander (R),R,J
542,77950.0,100,1996,Cand,Steve Forbes (R),R,J
544,4848809.0,6389,1996,Cand,Bill Clinton (D),D,K
545,2046990.0,2954,1996,Cand,Bob Dole (R),R,K
546,3194.0,6,1996,Cand,David Duke (R),R,K
507,250.0,1,1996,Cand,Janka Cvoric (L),L,H
547,15020.0,32,1996,Cand,Harry Browne (L),L,K
548,17500.0,22,1996,Cand,Jack Kemp (R),R,K
549,6900.0,4,1996,Cand,Jesse Jackson (D),D,K
550,19850.0,38,1996,Cand,Jim Boren (D),D,K
506,12000.0,15,1996,Cand,Jack Kemp (R),R,H
511,90594.0,245,1996,Cand,John S Hagelin (3),3,H
505,2400.0,4,1996,Cand,Howard Phillips (3),3,H
531,1500.0,5,1996,Cand,John S Hagelin (3),3,J
529,21250.0,27,1996,Cand,Jack Kemp (R),R,J
509,4565.0,6,1996,Cand,Jim Boren (D),D,H
512,954885.0,1663,1996,Cand,Lamar Alexander (R),R,H
513,2500.0,6,1996,Cand,Lawrence Douglas Wilder (D),D,H
508,1000.0,2,1996,Cand,Jesse Jackson (D),D,H
514,59560.0,152,1996,Cand,Lyndon H LaRouche Jr (D),D,H
515,3500.0,8,1996,Cand,Myron R MD Schoenfeld (D),D,H
516,118220.0,307,1996,Cand,Patrick J Buchanan (R),R,H
517,434450.0,664,1996,Cand,Pete Wilson (R),R,H
518,5800.0,10,1996,Cand,Richard D Lamm (3),3,H
530,10800.0,5,1996,Cand,Jesse Jackson (D),D,J
519,1200.0,3,1996,Cand,Richard Tompkins (L),L,H
521,73000.0,174,1996,Cand,Ron Paul (L),L,H
455,2761227.0,3414,1996,Cand,Bill Clinton (D),D,F
522,4960.0,9,1996,Cand,Ross Perot (I),I,H
523,104424.0,179,1996,Cand,Steve Forbes (R),R,H
524,23975.0,50,1996,Cand,Alan L Keyes (R),R,J
525,760065.0,1087,1996,Cand,Bill Clinton (D),D,J
526,293040.0,450,1996,Cand,Bob Dole (R),R,J
527,5100.0,12,1996,Cand,Harry Browne (L),L,J
528,2750.0,5,1996,Cand,Howard Phillips (3),3,J
520,4250.0,5,1996,Cand,Robert P Casey (U),D,H
504,46149.0,113,1996,Cand,Harry Browne (L),L,H
543,9175.0,26,1996,Cand,Alan L Keyes (R),R,K
502,1309603.0,2030,1996,Cand,Bob Dole (R),R,H
481,71113.0,149,1996,Cand,Harry Browne (L),L,G
480,7450.0,17,1996,Cand,David Duke (R),R,G
479,2299549.0,3173,1996,Cand,Bob Dole (R),R,G
478,1896027.0,2358,1996,Cand,Bill Clinton (D),D,G
503,1500.0,1,1996,Cand,David Duke (R),R,H
477,54685.0,131,1996,Cand,Alan L Keyes (R),R,G
476,607825.0,782,1996,Cand,Steve Forbes (R),R,F
475,8106.0,17,1996,Cand,Ross Perot (I),I,F
474,62650.0,97,1996,Cand,Ron Paul (L),L,F
473,10250.0,11,1996,Cand,Robert P Casey (U),D,F
472,4500.0,9,1996,Cand,Richard D Lamm (3),3,F
471,1418296.0,2006,1996,Cand,Pete Wilson (R),R,F
482,2000.0,2,1996,Cand,Heather Anne Harder Dr (D),D,G
470,10000.0,10,1996,Cand,Paul Tsongas (D),D,F
468,2000.0,2,1996,Cand,Maurice M Taylor Jr (R),R,F
467,28710.0,75,1996,Cand,Lyndon H LaRouche Jr (D),D,F
466,9000.0,13,1996,Cand,Lawrence Douglas Wilder (D),D,F
465,2405738.0,3700,1996,Cand,Lamar Alexander (R),R,F
464,34800.0,78,1996,Cand,John S Hagelin (3),3,F
463,1160.0,3,1996,Cand,Joanne M Jorgensen (L),L,F
462,4000.0,7,1996,Cand,Jim Boren (D),D,F
461,10250.0,8,1996,Cand,Jesse Jackson (D),D,F
460,83500.0,104,1996,Cand,Jack Kemp (R),R,F
459,2300.0,3,1996,Cand,Howard Phillips (3),3,F
458,46683.0,89,1996,Cand,Harry Browne (L),L,F
457,3350.0,8,1996,Cand,David Duke (R),R,F
469,144949.0,342,1996,Cand,Patrick J Buchanan (R),R,F
483,3450.0,6,1996,Cand,Howard Phillips (3),3,G
510,328.0,1,1996,Cand,Joanne M Jorgensen (L),L,H
485,800.0,3,1996,Cand,James D Griffin (D),D,G
501,1772650.0,2566,1996,Cand,Bill Clinton (D),D,H
500,85683.0,200,1996,Cand,Alan L Keyes (R),R,H
499,231812.0,330,1996,Cand,Steve Forbes (R),R,G
498,16826.0,30,1996,Cand,Ross Perot (I),I,G
497,24825.0,55,1996,Cand,Ron Paul (L),L,G
496,500.0,1,1996,Cand,Richard Tompkins (L),L,G
495,13700.0,20,1996,Cand,Richard D Lamm (3),3,G
494,518650.0,755,1996,Cand,Pete Wilson (R),R,G
493,156900.0,359,1996,Cand,Patrick J Buchanan (R),R,G
484,25550.0,31,1996,Cand,Jack Kemp (R),R,G
491,6000.0,9,1996,Cand,Lawrence Douglas Wilder (D),D,G
490,923276.0,1418,1996,Cand,Lamar Alexander (R),R,G
489,27060.0,79,1996,Cand,John S Hagelin (3),3,G
492,60415.0,149,1996,Cand,Lyndon H LaRouche Jr (D),D,G
488,4450.0,12,1996,Cand,Jim Boren (D),D,G
487,3000.0,2,1996,Cand,Jesse Jackson (D),D,G
486,500.0,1,1996,Cand,Jerry Brown (D),D,G
924,118106.0,234,2000,Cand,Harry Browne (L),L,X
950,123424.0,405,2000,Cand,Lyndon H LaRouche Jr (D),D,Y
923,10158384.0,17100,2000,Cand,George W Bush (R),R,X
922,632094.0,1190,2000,Cand,Elizabeth Dole (R),R,X
925,1275.0,5,2000,Cand,Heather Anne Harder Dr (D),D,X
945,211417.0,440,2000,Cand,Harry Browne (L),L,Y
937,3632430.0,5874,2000,Cand,Al Gore (D),D,Y
921,7525.0,13,2000,Cand,David Duke (R),R,X
938,242139.0,720,2000,Cand,Alan L Keyes (R),R,Y
939,3295432.0,5358,2000,Cand,Bill Bradley (D),D,Y
920,296877.0,796,2000,Cand,Dan Quayle (R),R,X
940,191916.0,311,2000,Cand,Dan Quayle (R),R,Y
941,11300.0,36,2000,Cand,David Duke (R),R,Y
949,273873.0,359,2000,Cand,Lamar Alexander (R),R,Y
948,166572.0,511,2000,Cand,John S Hagelin (3),3,Y
947,13820.0,22,2000,Cand,Howard Phillips (3),3,Y
926,31625.0,57,2000,Cand,Howard Phillips (3),3,X
927,84644.0,272,2000,Cand,John S Hagelin (3),3,X
942,365242.0,597,2000,Cand,Elizabeth Dole (R),R,Y
928,249775.0,340,2000,Cand,Lamar Alexander (R),R,X
943,1510.0,3,2000,Cand,Gene Smith (D),D,Y
935,1000.0,1,2000,Cand,Susan Gail Ducey (R),R,X
929,672944.0,2343,2000,Cand,Lyndon H LaRouche Jr (D),D,X
930,646312.0,2212,2000,Cand,Patrick J Buchanan (R),R,X
944,11243711.0,16230,2000,Cand,George W Bush (R),R,Y
946,2014.0,8,2000,Cand,Heather Anne Harder Dr (D),D,Y
931,900.0,2,2000,Cand,Pete Wilson (R),R,X
932,315472.0,748,2000,Cand,Ralph Nader (3),3,X
934,524936.0,1342,2000,Cand,Steve Forbes (R),R,X
933,170210.0,431,2000,Cand,Ron Paul (L),L,X
936,200.0,1,2000,Cand,Willie Felix Carter (D),D,X
899,509880.0,799,2000,Cand,Al Gore (D),D,T
918,3076056.0,6106,2000,Cand,Bill Bradley (D),D,X
951,180323.0,869,2000,Cand,Patrick J Buchanan (R),R,Y
898,71073.0,143,2000,Cand,Steve Forbes (R),R,M
897,24525.0,44,2000,Cand,Ron Paul (L),L,M
896,13130.0,22,2000,Cand,Ralph Nader (3),3,M
895,2000.0,2,2000,Cand,Pete Wilson (R),R,M
894,120137.0,230,2000,Cand,Patrick J Buchanan (R),R,M
900,35565.0,115,2000,Cand,Alan L Keyes (R),R,T
893,27370.0,97,2000,Cand,Lyndon H LaRouche Jr (D),D,M
891,4500.0,19,2000,Cand,John S Hagelin (3),3,M
890,1400.0,4,2000,Cand,Howard Phillips (3),3,M
889,8550.0,20,2000,Cand,Harry Browne (L),L,M
888,2338041.0,3359,2000,Cand,George W Bush (R),R,M
887,143000.0,194,2000,Cand,Elizabeth Dole (R),R,M
886,105325.0,157,2000,Cand,Dan Quayle (R),R,M
892,73250.0,84,2000,Cand,Lamar Alexander (R),R,M
919,500.0,1,2000,Cand,Charles Edwin Collins (R),R,X
901,333745.0,520,2000,Cand,Bill Bradley (D),D,T
903,1000.0,1,2000,Cand,David Duke (R),R,T
917,281099.0,913,2000,Cand,Alan L Keyes (R),R,X
916,3924797.0,8385,2000,Cand,Al Gore (D),D,X
915,62236.0,123,2000,Cand,Steve Forbes (R),R,T
914,9375.0,20,2000,Cand,Ron Paul (L),L,T
913,11607.0,31,2000,Cand,Ralph Nader (3),3,T
912,42072.0,135,2000,Cand,Patrick J Buchanan (R),R,T
902,67000.0,94,2000,Cand,Dan Quayle (R),R,T
911,31740.0,127,2000,Cand,Lyndon H LaRouche Jr (D),D,T
909,12430.0,32,2000,Cand,John S Hagelin (3),3,T
908,3400.0,5,2000,Cand,Howard Phillips (3),3,T
907,19900.0,41,2000,Cand,Harry Browne (L),L,T
906,2872261.0,4009,2000,Cand,George W Bush (R),R,T
905,200.0,1,2000,Cand,Gene Smith (D),D,T
904,159550.0,217,2000,Cand,Elizabeth Dole (R),R,T
910,73200.0,89,2000,Cand,Lamar Alexander (R),R,T
952,2250.0,4,2000,Cand,Pete Wilson (R),R,Y
14,0.0,0,2000,Cand,,I,E
954,67120.0,134,2000,Cand,Ron Paul (L),L,Y
885,421300.0,638,2000,Cand,Bill Bradley (D),D,M
15,0.0,0,2000,Cand,,U,E
18,0.0,0,2000,Cand,,I,D
19,0.0,0,2000,Cand,,U,D
23,0.0,0,2000,Cand,,I,G
24,0.0,0,2000,Cand,,U,G
26,0.0,0,2000,Cand,,I,F
27,0.0,0,2000,Cand,,U,F
30,0.0,0,2000,Cand,,I,H
31,0.0,0,2000,Cand,,U,H
34,0.0,0,2000,Cand,,I,K
35,0.0,0,2000,Cand,,U,K
38,0.0,0,2000,Cand,,I,J
39,0.0,0,2000,Cand,,U,J
42,0.0,0,2000,Cand,,I,M
43,0.0,0,2000,Cand,,U,M
48,0.0,0,2000,Cand,,I,L
75,0.0,0,2000,Cand,,U,k
74,0.0,0,2000,Cand,,R,k
73,0.0,0,2000,Cand,,3,k
72,0.0,0,2000,Cand,,L,k
71,0.0,0,2000,Cand,,I,k
65,0.0,0,2000,Cand,,U,Z
11,0.0,0,2000,Cand,,U,B
63,0.0,0,2000,Cand,,U,X
60,0.0,0,2000,Cand,,U,Y
59,0.0,0,2000,Cand,,I,Y
56,0.0,0,2000,Cand,,U,T
55,0.0,0,2000,Cand,,I,T
50,0.0,0,2000,Cand,,U,L
49,0.0,0,2000,Cand,,L,L
62,0.0,0,2000,Cand,,I,X
10,0.0,0,2000,Cand,,I,B
7,0.0,0,2000,Cand,,U,C
6,0.0,0,2000,Cand,,I,C
968,5953.0,3,2000,Cand,Howard Phillips (3),3,Z
967,2682.0,10,2000,Cand,Heather Anne Harder Dr (D),D,Z
966,56000.0,7,2000,Cand,Harry Browne (L),L,Z
965,80104.0,127,2000,Cand,George W Bush (R),R,Z
964,5000.0,3,2000,Cand,Gene Smith (D),D,Z
963,2085.0,6,2000,Cand,Elizabeth Dole (R),R,Z
969,25000.0,1,2000,Cand,John S Hagelin (3),3,Z
962,3045.0,2,2000,Cand,David E (DW2000) Wyatt (I),I,Z
960,60847.0,58,2000,Cand,Charles Edwin Collins (R),R,Z
959,4787.0,32,2000,Cand,Bill Bradley (D),D,Z
958,8781.0,46,2000,Cand,Bernard Palicki (I),I,Z
957,450.0,2,2000,Cand,Alan L Keyes (R),R,Z
956,197350.0,237,2000,Cand,Al Gore (D),D,Z
955,321859.0,611,2000,Cand,Steve Forbes (R),R,Y
961,10505.0,10,2000,Cand,Dan Quayle (R),R,Z
953,273654.0,589,2000,Cand,Ralph Nader (3),3,Y
970,21250.0,2,2000,Cand,Lamar Alexander (R),R,Z
972,700.0,3,2000,Cand,Lyndon H LaRouche Jr (D),D,Z
2,0.0,0,2000,Cand,,U,A
1,0.0,0,2000,Cand,,I,A
984,1000.0,1,2000,Cand,Bill Bradley (D),D,k
983,16126.0,9,2000,Cand,Willie Felix Carter (D),D,Z
982,161.0,9,2000,Cand,Thomas S Fabish (R),R,Z
981,6170.0,5,2000,Cand,Tennie Beatrice Rogers (R),R,Z
971,685.0,2,2000,Cand,Lowell Jackson Fellure (R),R,Z
980,3730.0,12,2000,Cand,Susan Gail Ducey (R),R,Z
978,30.0,3,2000,Cand,Sherry Larose Stenson (I),I,Z
977,3986.0,6,2000,Cand,Samuel H Berry Jr (R),R,Z
976,1148699.0,3,2000,Cand,Ross Perot (I),I,Z
975,500.0,1,2000,Cand,Ron Paul (L),L,Z
974,122394.0,159,2000,Cand,Ralph Nader (3),3,Z
973,39190.0,72,2000,Cand,Patrick J Buchanan (R),R,Z
979,79684300.0,87,2000,Cand,Steve Forbes (R),R,Z
884,33045.0,82,2000,Cand,Alan L Keyes (R),R,M
858,26055.0,70,2000,Cand,Alan L Keyes (R),R,K
882,3400.0,10,2000,Cand,Ralph Nader (3),3,L
764,5450.0,21,2000,Cand,Patrick J Buchanan (R),R,D
763,7565.0,24,2000,Cand,Lyndon H LaRouche Jr (D),D,D
762,1500.0,2,2000,Cand,Lamar Alexander (R),R,D
761,750.0,3,2000,Cand,John S Hagelin (3),3,D
760,250.0,1,2000,Cand,Howard Phillips (3),3,D
759,9100.0,23,2000,Cand,Harry Browne (L),L,D
758,221525.0,370,2000,Cand,George W Bush (R),R,D
757,9500.0,12,2000,Cand,Elizabeth Dole (R),R,D
765,3500.0,5,2000,Cand,Ralph Nader (3),3,D
756,5250.0,9,2000,Cand,Dan Quayle (R),R,D
754,11000.0,36,2000,Cand,Alan L Keyes (R),R,D
753,54430.0,103,2000,Cand,Al Gore (D),D,D
752,110005.0,181,2000,Cand,Steve Forbes (R),R,C
751,18650.0,40,2000,Cand,Ron Paul (L),L,C
750,184321.0,318,2000,Cand,Ralph Nader (3),3,C
749,70675.0,217,2000,Cand,Patrick J Buchanan (R),R,C
748,44048.0,150,2000,Cand,Lyndon H LaRouche Jr (D),D,C
747,200.0,1,2000,Cand,Lenora B Fulani (D),D,C
755,20615.0,42,2000,Cand,Bill Bradley (D),D,D
766,1500.0,6,2000,Cand,Ron Paul (L),L,D
767,1000.0,2,2000,Cand,Steve Forbes (R),R,D
768,358160.0,541,2000,Cand,Al Gore (D),D,E
787,423450.0,617,2000,Cand,Dan Quayle (R),R,F
786,5514215.0,7890,2000,Cand,Bill Bradley (D),D,F
785,101790.0,280,2000,Cand,Alan L Keyes (R),R,F
784,4714940.0,6520,2000,Cand,Al Gore (D),D,F
783,46505.0,91,2000,Cand,Steve Forbes (R),R,E
782,19350.0,28,2000,Cand,Ron Paul (L),L,E
781,4100.0,11,2000,Cand,Ralph Nader (3),3,E
780,2000.0,2,2000,Cand,Pete Wilson (R),R,E
779,28345.0,81,2000,Cand,Patrick J Buchanan (R),R,E
778,14270.0,50,2000,Cand,Lyndon H LaRouche Jr (D),D,E
777,30000.0,37,2000,Cand,Lamar Alexander (R),R,E
776,8040.0,19,2000,Cand,John S Hagelin (3),3,E
775,2500.0,3,2000,Cand,Howard Phillips (3),3,E
774,10400.0,17,2000,Cand,Harry Browne (L),L,E
773,2810553.0,3945,2000,Cand,George W Bush (R),R,E
772,60000.0,86,2000,Cand,Elizabeth Dole (R),R,E
771,69950.0,100,2000,Cand,Dan Quayle (R),R,E
770,213250.0,344,2000,Cand,Bill Bradley (D),D,E
769,19225.0,49,2000,Cand,Alan L Keyes (R),R,E
746,73650.0,84,2000,Cand,Lamar Alexander (R),R,C
745,51427.0,132,2000,Cand,John S Hagelin (3),3,C
744,2920.0,9,2000,Cand,Howard Phillips (3),3,C
743,500.0,2,2000,Cand,Heather Anne Harder Dr (D),D,C
719,581100.0,906,2000,Cand,Bill Bradley (D),D,B
718,63743.0,182,2000,Cand,Alan L Keyes (R),R,B
717,1114552.0,1601,2000,Cand,Al Gore (D),D,B
716,52740.0,104,2000,Cand,Steve Forbes (R),R,A
715,18020.0,48,2000,Cand,Ron Paul (L),L,A
714,10075.0,23,2000,Cand,Ralph Nader (3),3,A
713,58347.0,168,2000,Cand,Patrick J Buchanan (R),R,A
712,81116.0,282,2000,Cand,Lyndon H LaRouche Jr (D),D,A
711,33150.0,42,2000,Cand,Lamar Alexander (R),R,A
710,11090.0,31,2000,Cand,John S Hagelin (3),3,A
709,2650.0,4,2000,Cand,Howard Phillips (3),3,A
708,940.0,2,2000,Cand,Heather Anne Harder Dr (D),D,A
707,14025.0,30,2000,Cand,Harry Browne (L),L,A
706,1996324.0,2910,2000,Cand,George W Bush (R),R,A
705,65150.0,108,2000,Cand,Elizabeth Dole (R),R,A
704,27400.0,45,2000,Cand,Dan Quayle (R),R,A
703,143850.0,229,2000,Cand,Bill Bradley (D),D,A
702,35050.0,109,2000,Cand,Alan L Keyes (R),R,A
701,196275.0,329,2000,Cand,Al Gore (D),D,A
720,112784.0,170,2000,Cand,Dan Quayle (R),R,B
788,1000.0,2,2000,Cand,David Duke (R),R,F
721,950.0,3,2000,Cand,David Duke (R),R,B
723,4390483.0,6037,2000,Cand,George W Bush (R),R,B
742,136825.0,256,2000,Cand,Harry Browne (L),L,C
741,3336787.0,4615,2000,Cand,George W Bush (R),R,C
740,138400.0,185,2000,Cand,Elizabeth Dole (R),R,C
739,250.0,1,2000,Cand,David Duke (R),R,C
738,63545.0,103,2000,Cand,Dan Quayle (R),R,C
737,1716754.0,2651,2000,Cand,Bill Bradley (D),D,C
736,70298.0,195,2000,Cand,Alan L Keyes (R),R,C
735,2512958.0,3561,2000,Cand,Al Gore (D),D,C
734,67975.0,146,2000,Cand,Steve Forbes (R),R,B
733,28920.0,61,2000,Cand,Ron Paul (L),L,B
732,12579.0,39,2000,Cand,Ralph Nader (3),3,B
731,1000.0,1,2000,Cand,Pete Wilson (R),R,B
730,71507.0,190,2000,Cand,Patrick J Buchanan (R),R,B
729,54100.0,188,2000,Cand,Lyndon H LaRouche Jr (D),D,B
728,124200.0,153,2000,Cand,Lamar Alexander (R),R,B
727,17988.0,57,2000,Cand,John S Hagelin (3),3,B
726,1500.0,2,2000,Cand,Howard Phillips (3),3,B
725,216.0,1,2000,Cand,Heather Anne Harder Dr (D),D,B
724,25900.0,49,2000,Cand,Harry Browne (L),L,B
722,110325.0,168,2000,Cand,Elizabeth Dole (R),R,B
789,645195.0,896,2000,Cand,Elizabeth Dole (R),R,F
790,16761013.0,23161,2000,Cand,George W Bush (R),R,F
791,96670.0,187,2000,Cand,Harry Browne (L),L,F
857,6128339.0,9502,2000,Cand,Al Gore (D),D,K
856,95553.0,221,2000,Cand,Steve Forbes (R),R,J
855,64650.0,127,2000,Cand,Ron Paul (L),L,J
854,84033.0,128,2000,Cand,Ralph Nader (3),3,J
853,62310.0,146,2000,Cand,Patrick J Buchanan (R),R,J
852,11700.0,33,2000,Cand,Lyndon H LaRouche Jr (D),D,J
851,30175.0,38,2000,Cand,Lamar Alexander (R),R,J
850,7468.0,20,2000,Cand,John S Hagelin (3),3,J
849,5750.0,11,2000,Cand,Howard Phillips (3),3,J
848,8350.0,18,2000,Cand,Harry Browne (L),L,J
847,1330352.0,2022,2000,Cand,George W Bush (R),R,J
846,132300.0,199,2000,Cand,Elizabeth Dole (R),R,J
845,60455.0,133,2000,Cand,Dan Quayle (R),R,J
844,895516.0,1480,2000,Cand,Bill Bradley (D),D,J
843,85365.0,241,2000,Cand,Alan L Keyes (R),R,J
842,1753215.0,2925,2000,Cand,Al Gore (D),D,J
841,119119.0,248,2000,Cand,Steve Forbes (R),R,H
840,38085.0,93,2000,Cand,Ron Paul (L),L,H
839,144367.0,321,2000,Cand,Ralph Nader (3),3,H
859,3425005.0,6040,2000,Cand,Bill Bradley (D),D,K
838,2000.0,2,2000,Cand,Pete Wilson (R),R,H
860,134917.0,198,2000,Cand,Dan Quayle (R),R,K
862,6738723.0,9453,2000,Cand,George W Bush (R),R,K
881,800.0,9,2000,Cand,Patrick J Buchanan (R),R,L
880,4450.0,14,2000,Cand,Lyndon H LaRouche Jr (D),D,L
879,250.0,1,2000,Cand,John S Hagelin (3),3,L
878,8750.0,14,2000,Cand,George W Bush (R),R,L
877,250.0,1,2000,Cand,Elizabeth Dole (R),R,L
876,250.0,1,2000,Cand,Dan Quayle (R),R,L
875,11100.0,32,2000,Cand,Bill Bradley (D),D,L
874,1750.0,6,2000,Cand,Alan L Keyes (R),R,L
873,108810.0,263,2000,Cand,Al Gore (D),D,L
872,81983.0,126,2000,Cand,Steve Forbes (R),R,K
871,11100.0,23,2000,Cand,Ron Paul (L),L,K
870,65566.0,108,2000,Cand,Ralph Nader (3),3,K
869,51885.0,135,2000,Cand,Patrick J Buchanan (R),R,K
868,8950.0,27,2000,Cand,Lyndon H LaRouche Jr (D),D,K
867,120450.0,157,2000,Cand,Lamar Alexander (R),R,K
866,8150.0,18,2000,Cand,John S Hagelin (3),3,K
865,6764.0,4,2000,Cand,Howard Phillips (3),3,K
864,400.0,1,2000,Cand,Heather Anne Harder Dr (D),D,K
863,14200.0,33,2000,Cand,Harry Browne (L),L,K
861,310250.0,456,2000,Cand,Elizabeth Dole (R),R,K
883,414915.0,585,2000,Cand,Al Gore (D),D,M
837,143499.0,451,2000,Cand,Patrick J Buchanan (R),R,H
835,1043.0,3,2000,Cand,Lenora B Fulani (D),D,H
811,6473544.0,9115,2000,Cand,George W Bush (R),R,G
810,362550.0,504,2000,Cand,Elizabeth Dole (R),R,G
808,157235.0,237,2000,Cand,Dan Quayle (R),R,G
807,500.0,1,2000,Cand,Charles Edwin Collins (R),R,G
806,-1500.0,1,2000,Cand,Bill Clinton (D),D,G
805,1942546.0,2976,2000,Cand,Bill Bradley (D),D,G
804,118880.0,351,2000,Cand,Alan L Keyes (R),R,G
803,2468989.0,3670,2000,Cand,Al Gore (D),D,G
802,550877.0,824,2000,Cand,Steve Forbes (R),R,F
801,52875.0,91,2000,Cand,Ron Paul (L),L,F
800,77236.0,132,2000,Cand,Ralph Nader (3),3,F
799,3000.0,3,2000,Cand,Pete Wilson (R),R,F
798,106610.0,328,2000,Cand,Patrick J Buchanan (R),R,F
797,30875.0,112,2000,Cand,Lyndon H LaRouche Jr (D),D,F
796,400.0,2,2000,Cand,Lenora B Fulani (D),D,F
795,419995.0,527,2000,Cand,Lamar Alexander (R),R,F
794,56054.0,132,2000,Cand,John S Hagelin (3),3,F
793,8250.0,10,2000,Cand,Howard Phillips (3),3,F
792,200.0,1,2000,Cand,Heather Anne Harder Dr (D),D,F
812,53199.0,123,2000,Cand,Harry Browne (L),L,G
836,58800.0,220,2000,Cand,Lyndon H LaRouche Jr (D),D,H
813,2500.0,7,2000,Cand,Heather Anne Harder Dr (D),D,G
815,49155.0,138,2000,Cand,John S Hagelin (3),3,G
834,186050.0,243,2000,Cand,Lamar Alexander (R),R,H
833,110800.0,323,2000,Cand,John S Hagelin (3),3,H
832,5450.0,13,2000,Cand,Howard Phillips (3),3,H
831,600.0,2,2000,Cand,Heather Anne Harder Dr (D),D,H
830,67100.0,142,2000,Cand,Harry Browne (L),L,H
829,5128115.0,7912,2000,Cand,George W Bush (R),R,H
828,244071.0,377,2000,Cand,Elizabeth Dole (R),R,H
827,800.0,2,2000,Cand,David Duke (R),R,H
826,122355.0,204,2000,Cand,Dan Quayle (R),R,H
825,2015721.0,3808,2000,Cand,Bill Bradley (D),D,H
824,110394.0,321,2000,Cand,Alan L Keyes (R),R,H
823,2201276.0,3846,2000,Cand,Al Gore (D),D,H
822,155728.0,287,2000,Cand,Steve Forbes (R),R,G
821,33750.0,67,2000,Cand,Ron Paul (L),L,G
820,70674.0,123,2000,Cand,Ralph Nader (3),3,G
819,4250.0,5,2000,Cand,Pete Wilson (R),R,G
818,138510.0,362,2000,Cand,Patrick J Buchanan (R),R,G
817,65958.0,231,2000,Cand,Lyndon H LaRouche Jr (D),D,G
816,193850.0,237,2000,Cand,Lamar Alexander (R),R,G
814,4000.0,6,2000,Cand,Howard Phillips (3),3,G
809,500.0,2,2000,Cand,David Duke (R),R,G
